1104, https://www.dropbox.com/s/lruq9bob1xhpffx/1104.svg?raw=1
1532, https://www.dropbox.com/s/evvrkej266shjzz/1532.svg?raw=1
2115, https://www.dropbox.com/s/hd1rq88hgzn88cz/2115.svg?raw=1
1783, https://www.dropbox.com/s/f1klqz2f6xj901z/1783.svg?raw=1
1707, https://www.dropbox.com/s/wpxbmfy11n53s7o/1707.svg?raw=1
2317, https://www.dropbox.com/s/xmnl3r18vbexirw/2317.svg?raw=1
1338, https://www.dropbox.com/s/6w60z8qkx5kvlmu/1338.svg?raw=1
1227, https://www.dropbox.com/s/btmcmdw09fxlp38/1227.svg?raw=1
2204, https://www.dropbox.com/s/tart9p3lbr1tive/2204.svg?raw=1
1533, https://www.dropbox.com/s/xd8ukxuhek3sdr2/1533.svg?raw=1
1789, https://www.dropbox.com/s/du8uz6nzpwem4b7/1789.svg?raw=1
2324, https://www.dropbox.com/s/l031n4m8a8z28tf/2324.svg?raw=1
1410, https://www.dropbox.com/s/hgvv4yjugmiuvns/1410.svg?raw=1
1711, https://www.dropbox.com/s/apjwa0f1uwu4n71/1711.svg?raw=1
1231, https://www.dropbox.com/s/nt1cq4qiyih3730/1231.svg?raw=1
1817, https://www.dropbox.com/s/asjrvu9rqgdu7jv/1817.svg?raw=1
1560, https://www.dropbox.com/s/6jfhktl5v5zswxb/1560.svg?raw=1
1476, https://www.dropbox.com/s/n16varcm9ocwx4n/1476.svg?raw=1
2207, https://www.dropbox.com/s/3gj4snpquxelf3h/2207.svg?raw=1
2337, https://www.dropbox.com/s/aou9xlyav1f9p7n/2337.svg?raw=1
1717, https://www.dropbox.com/s/beff2m26bb4cdnc/1717.svg?raw=1
1233, https://www.dropbox.com/s/8ev8aolc0a13wpp/1233.svg?raw=1
1582, https://www.dropbox.com/s/0o65lr2zy660pck/1582.svg?raw=1
2002, https://www.dropbox.com/s/evcqr24xcnnf5f9/2002.svg?raw=1
2340, https://www.dropbox.com/s/a7c11xtulgolwmv/2340.svg?raw=1
1477, https://www.dropbox.com/s/o2m3glwx0jyvycm/1477.svg?raw=1
2227, https://www.dropbox.com/s/ehm8yefo7exy4mm/2227.svg?raw=1
1720, https://www.dropbox.com/s/ncdh0z3bjg8ped6/1720.svg?raw=1
1256, https://www.dropbox.com/s/yl01z8pyvbi93pw/1256.svg?raw=1
2012, https://www.dropbox.com/s/k1zsuab8a55mm8j/2012.svg?raw=1
1583, https://www.dropbox.com/s/iq8cx5tj7njtg4c/1583.svg?raw=1
2345, https://www.dropbox.com/s/8yc07kwheesez8n/2345.svg?raw=1
2228, https://www.dropbox.com/s/ev5o94accaj2xy0/2228.svg?raw=1
1503, https://www.dropbox.com/s/ep9omm95i9n3524/1503.svg?raw=1
1723, https://www.dropbox.com/s/3x5c1ybqhwlqywt/1723.svg?raw=1
1319, https://www.dropbox.com/s/x7achppofor7f4w/1319.svg?raw=1
1614, https://www.dropbox.com/s/z89avqdkmjbhot6/1614.svg?raw=1
2049, https://www.dropbox.com/s/2421esbbqj9avsj/2049.svg?raw=1
1504, https://www.dropbox.com/s/rvduo53gil1bug6/1504.svg?raw=1
2301, https://www.dropbox.com/s/8xmokmlld35znl6/2301.svg?raw=1
1727, https://www.dropbox.com/s/ik4kw279b7fggpn/1727.svg?raw=1
1323, https://www.dropbox.com/s/l9ilidp70mn0mpq/1323.svg?raw=1
2347, https://www.dropbox.com/s/3n8pfp9wgzg8hui/2347.svg?raw=1
1615, https://www.dropbox.com/s/mdhe2o5thgwgq28/1615.svg?raw=1
2108, https://www.dropbox.com/s/3b9gqfhbrq7g3tl/2108.svg?raw=1
1525, https://www.dropbox.com/s/mnjsdewr7oyris4/1525.svg?raw=1
2308, https://www.dropbox.com/s/p4jk8zrmzl7rolu/2308.svg?raw=1
1730, https://www.dropbox.com/s/slc5y85a6pa61rz/1730.svg?raw=1
1325, https://www.dropbox.com/s/okg27noz89ayu4n/1325.svg?raw=1
2354, https://www.dropbox.com/s/7zyvvpgnns1hakp/2354.svg?raw=1
2114, https://www.dropbox.com/s/4msqqziou5pqobz/2114.svg?raw=1
2313, https://www.dropbox.com/s/ywn72fw2nq46005/2313.svg?raw=1
1531, https://www.dropbox.com/s/bew7bxb1qkxy4nx/1531.svg?raw=1
2383, https://www.dropbox.com/s/hjt3bwa2uffz2po/2383.svg?raw=1
2382, https://www.dropbox.com/s/awiaztba48x9aol/2382.svg?raw=1
1773, https://www.dropbox.com/s/11mk5av8lw51ule/1773.svg?raw=1
1702, https://www.dropbox.com/s/f3yxyr8upjncpny/1702.svg?raw=1
2423, https://www.dropbox.com/s/xhzx54s4sjzg4ei/2423.svg?raw=1
2468, https://www.dropbox.com/s/er26lcpxuo4x7ia/2468.svg?raw=1
2385, https://www.dropbox.com/s/m5ghpnkwjh3g69o/2385.svg?raw=1
2727, https://www.dropbox.com/s/x7owtr973cdqzxe/2727.svg?raw=1
3008, https://www.dropbox.com/s/0f78jdb2y8lavds/3008.svg?raw=1
2612, https://www.dropbox.com/s/0ianuy7tmfaupve/2612.svg?raw=1
2441, https://www.dropbox.com/s/shk5hx328xhum45/2441.svg?raw=1
2472, https://www.dropbox.com/s/g6do9bsa8lyl5h3/2472.svg?raw=1
3044, https://www.dropbox.com/s/ija3fhgl3zerhs3/3044.svg?raw=1
2812, https://www.dropbox.com/s/v6m86anludfp9da/2812.svg?raw=1
2393, https://www.dropbox.com/s/fq8btan8v0sn6qt/2393.svg?raw=1
3010, https://www.dropbox.com/s/z8ph4u5dl9aiq1n/3010.svg?raw=1
2449, https://www.dropbox.com/s/thvhbj47b6p2b9n/2449.svg?raw=1
2634, https://www.dropbox.com/s/ti2n7te6yiz6lqx/2634.svg?raw=1
3062, https://www.dropbox.com/s/otmc1bs05nnr7nz/3062.svg?raw=1
2480, https://www.dropbox.com/s/ddjycuazjrf07qd/2480.svg?raw=1
2395, https://www.dropbox.com/s/0ugj5qrnl4gygmz/2395.svg?raw=1
2901, https://www.dropbox.com/s/is4ttnbn6muheaj/2901.svg?raw=1
3094, https://www.dropbox.com/s/xqzlpc139u0y6zw/3094.svg?raw=1
3019, https://www.dropbox.com/s/a7dma1gbzpk1lig/3019.svg?raw=1
2636, https://www.dropbox.com/s/hvarg9c0qbo4pch/2636.svg?raw=1
2481, https://www.dropbox.com/s/2xfos11jn3pzb9l/2481.svg?raw=1
2451, https://www.dropbox.com/s/8l0m3ykeqwjodvo/2451.svg?raw=1
2904, https://www.dropbox.com/s/2uz2hw7gn495gk7/2904.svg?raw=1
2404, https://www.dropbox.com/s/kbotxpv01nvoqcm/2404.svg?raw=1
3022, https://www.dropbox.com/s/xykl0a5wackwzzf/3022.svg?raw=1
3231, https://www.dropbox.com/s/27848dsgrfcur6d/3231.svg?raw=1
2637, https://www.dropbox.com/s/zlyf2qjw0vkw2i6/2637.svg?raw=1
2492, https://www.dropbox.com/s/ecj0nth3h7kcoqf/2492.svg?raw=1
2454, https://www.dropbox.com/s/y67jrt2poqeuskf/2454.svg?raw=1
2929, https://www.dropbox.com/s/lajj5ti6v2ir02v/2929.svg?raw=1
2412, https://www.dropbox.com/s/og1eqav7fzz076e/2412.svg?raw=1
3346, https://www.dropbox.com/s/vkq1908bulce09q/3346.svg?raw=1
2642, https://www.dropbox.com/s/rgz5mpw35vxaiii/2642.svg?raw=1
3029, https://www.dropbox.com/s/cubhrwystc8omxl/3029.svg?raw=1
2496, https://www.dropbox.com/s/n4xcl2kfnqegxd0/2496.svg?raw=1
2420, https://www.dropbox.com/s/75ekdiouk5k1kkh/2420.svg?raw=1
2458, https://www.dropbox.com/s/nz2lpjlnneh555u/2458.svg?raw=1
2939, https://www.dropbox.com/s/uihikmy12tiv06k/2939.svg?raw=1
3376, https://www.dropbox.com/s/4eg7qhgpxkhhfta/3376.svg?raw=1
2701, https://www.dropbox.com/s/y4sm59g0rcl2fdn/2701.svg?raw=1
3034, https://www.dropbox.com/s/y8avwfb570tmq3o/3034.svg?raw=1
2607, https://www.dropbox.com/s/0hammp2jcpn4gwb/2607.svg?raw=1
2421, https://www.dropbox.com/s/3dgyf6ieurlp73t/2421.svg?raw=1
2459, https://www.dropbox.com/s/wofg16gw44f67zo/2459.svg?raw=1
3413, https://www.dropbox.com/s/fkemjnswo646n9c/3413.svg?raw=1
2706, https://www.dropbox.com/s/m9xupr60ga78ir2/2706.svg?raw=1
3003, https://www.dropbox.com/s/1gntarilrzncb1b/3003.svg?raw=1
3036, https://www.dropbox.com/s/377e7lmej9oolyi/3036.svg?raw=1
3515, https://www.dropbox.com/s/1x9caqqhebjq8jq/3515.svg?raw=1
2467, https://www.dropbox.com/s/73r9kizypguhpwk/2467.svg?raw=1
2608, https://www.dropbox.com/s/hx1bf8rurn70tba/2608.svg?raw=1
3454, https://www.dropbox.com/s/961tkmxi6lxnlt1/3454.svg?raw=1
2707, https://www.dropbox.com/s/sq7olgl5jt0c5oa/2707.svg?raw=1
3042, https://www.dropbox.com/s/osh82bpvkay43e6/3042.svg?raw=1
3004, https://www.dropbox.com/s/6nerjgl2rtvfi4f/3004.svg?raw=1
3702, https://www.dropbox.com/s/7jf6z9z11g0fs63/3702.svg?raw=1
3528, https://www.dropbox.com/s/joxw49kt17z22dh/3528.svg?raw=1
4536, https://www.dropbox.com/s/dvbk8snv4l9ivku/4536.svg?raw=1
4766, https://www.dropbox.com/s/vswutufsib40o01/4766.svg?raw=1
4968, https://www.dropbox.com/s/ah58r68tw3ro3wz/4968.svg?raw=1
5876, https://www.dropbox.com/s/m2xbvir348g2281/5876.svg?raw=1
3532, https://www.dropbox.com/s/sg222od2sw22fin/3532.svg?raw=1
5288, https://www.dropbox.com/s/26f2wx4m8ncncol/5288.svg?raw=1
4551, https://www.dropbox.com/s/t420l70nxy3h00g/4551.svg?raw=1
4915, https://www.dropbox.com/s/sv8xgmplo1oove4/4915.svg?raw=1
3705, https://www.dropbox.com/s/yokxgfewkffydcz/3705.svg?raw=1
4977, https://www.dropbox.com/s/zjukbb8vz4si8he/4977.svg?raw=1
3533, https://www.dropbox.com/s/4xonys0degi7a0q/3533.svg?raw=1
6112, https://www.dropbox.com/s/l0h36be3yjf4e2z/6112.svg?raw=1
4552, https://www.dropbox.com/s/xjb617jnrvi6bfw/4552.svg?raw=1
5305, https://www.dropbox.com/s/03fad96oqccn71k/5305.svg?raw=1
4104, https://www.dropbox.com/s/36agz6lbo2c1v8c/4104.svg?raw=1
4916, https://www.dropbox.com/s/g8ov8mq6a39udt3/4916.svg?raw=1
3550, https://www.dropbox.com/s/70ien9xnrzhhd4o/3550.svg?raw=1
4999, https://www.dropbox.com/s/ezhitjj8yx6363r/4999.svg?raw=1
6176, https://www.dropbox.com/s/6irbcfsinxjyizd/6176.svg?raw=1
5388, https://www.dropbox.com/s/pwdj7a6jorde3al/5388.svg?raw=1
4557, https://www.dropbox.com/s/czar95b07y23gyk/4557.svg?raw=1
4106, https://www.dropbox.com/s/0gh2shbtzjipt3s/4106.svg?raw=1
4919, https://www.dropbox.com/s/7kha57c4mfx8wo4/4919.svg?raw=1
3645, https://www.dropbox.com/s/1s1ub2bgvw2rhpe/3645.svg?raw=1
5007, https://www.dropbox.com/s/cbzlbsoi6r5irat/5007.svg?raw=1
6184, https://www.dropbox.com/s/wf0r1d446ffkh9h/6184.svg?raw=1
5434, https://www.dropbox.com/s/7kzm1s1nwcc4ghd/5434.svg?raw=1
4560, https://www.dropbox.com/s/v3lyjgtdnqixjad/4560.svg?raw=1
4927, https://www.dropbox.com/s/4dos3hcpuraox8z/4927.svg?raw=1
4119, https://www.dropbox.com/s/709xssy76sso0ng/4119.svg?raw=1
3653, https://www.dropbox.com/s/31d71qq7rdvajqi/3653.svg?raw=1
5215, https://www.dropbox.com/s/rfg9dnnpfj40tch/5215.svg?raw=1
6189, https://www.dropbox.com/s/o2mc54pgtmu0gt9/6189.svg?raw=1
5471, https://www.dropbox.com/s/9wkh1f2el56zciw/5471.svg?raw=1
4155, https://www.dropbox.com/s/8agtc5jlptknnqq/4155.svg?raw=1
4562, https://www.dropbox.com/s/zaetqleko74ech1/4562.svg?raw=1
4943, https://www.dropbox.com/s/155po73xh41ni00/4943.svg?raw=1
3665, https://www.dropbox.com/s/tu4eozfj63werl9/3665.svg?raw=1
5234, https://www.dropbox.com/s/k6c4xrpcymrtryf/5234.svg?raw=1
6192, https://www.dropbox.com/s/oaupmclm61xtt6t/6192.svg?raw=1
5519, https://www.dropbox.com/s/hz1gsgxtco574lk/5519.svg?raw=1
4164, https://www.dropbox.com/s/zn1ownxvetjsdfu/4164.svg?raw=1
4566, https://www.dropbox.com/s/k7mbbk8xtnfkzuh/4566.svg?raw=1
4952, https://www.dropbox.com/s/zdepspcjen3yr9v/4952.svg?raw=1
6206, https://www.dropbox.com/s/1nkmcmwj0yu4v93/6206.svg?raw=1
5243, https://www.dropbox.com/s/zbi6u4dkcf65p6b/5243.svg?raw=1
6197, https://www.dropbox.com/s/yj406w5z4lhwvif/6197.svg?raw=1
5706, https://www.dropbox.com/s/40rcbi95cid9q7q/5706.svg?raw=1
4190, https://www.dropbox.com/s/u7ino3zwuvllf70/4190.svg?raw=1
4737, https://www.dropbox.com/s/2aps66xs316mscr/4737.svg?raw=1
6224, https://www.dropbox.com/s/tqmtphab4nmowjp/6224.svg?raw=1
4958, https://www.dropbox.com/s/d8lclpll5490qyk/4958.svg?raw=1
5284, https://www.dropbox.com/s/un3q5t4a5szynmp/5284.svg?raw=1
6205, https://www.dropbox.com/s/dqwj30p4ss65379/6205.svg?raw=1
5871, https://www.dropbox.com/s/9f3vpre2vwpqg6m/5871.svg?raw=1
6414, https://www.dropbox.com/s/1mgwf6mhejob4k2/6414.svg?raw=1
8215, https://www.dropbox.com/s/bw1w6eecfc7umnn/8215.svg?raw=1
8028, https://www.dropbox.com/s/09bfecbkwr299wo/8028.svg?raw=1
6230, https://www.dropbox.com/s/8lwel8doe59bbt6/6230.svg?raw=1
9914, https://www.dropbox.com/s/rz9nc7tvoxvga4y/9914.svg?raw=1
9938, https://www.dropbox.com/s/mjvn3pd9pc3tb6j/9938.svg?raw=1
8480, https://www.dropbox.com/s/5ygg6ohzw1zf29h/8480.svg?raw=1
6415, https://www.dropbox.com/s/0qyta3ogys89syg/6415.svg?raw=1
8249, https://www.dropbox.com/s/axxsamsdflmy86r/8249.svg?raw=1
8039, https://www.dropbox.com/s/lgkkhfgp30ypq89/8039.svg?raw=1
9917, https://www.dropbox.com/s/y7f6irry6eejmmh/9917.svg?raw=1
6239, https://www.dropbox.com/s/rxpxmpbc2mq30gr/6239.svg?raw=1
6416, https://www.dropbox.com/s/luf0hsa8x9efzft/6416.svg?raw=1
8481, https://www.dropbox.com/s/mwiliu3pw40dcut/8481.svg?raw=1
9941, https://www.dropbox.com/s/webk02z702xbqhw/9941.svg?raw=1
8261, https://www.dropbox.com/s/44xaf35jlv3xfol/8261.svg?raw=1
8081, https://www.dropbox.com/s/vjneiexyo99shka/8081.svg?raw=1
6269, https://www.dropbox.com/s/fiz3k7viwyrmmi3/6269.svg?raw=1
9921, https://www.dropbox.com/s/12zh1d9hf19162t/9921.svg?raw=1
6477, https://www.dropbox.com/s/3chyn2fzpj2i4hf/6477.svg?raw=1
8497, https://www.dropbox.com/s/5u939y1mmxghyz6/8497.svg?raw=1
9942, https://www.dropbox.com/s/ongwjirsqlt1z3y/9942.svg?raw=1
8367, https://www.dropbox.com/s/6i4s33mz95xzkgz/8367.svg?raw=1
8103, https://www.dropbox.com/s/pz8psag7xfvjutq/8103.svg?raw=1
6271, https://www.dropbox.com/s/8osero2vdcuqtvc/6271.svg?raw=1
6504, https://www.dropbox.com/s/edo3wyhm9p6ueot/6504.svg?raw=1
8499, https://www.dropbox.com/s/53zq5xd5njjua5f/8499.svg?raw=1
9924, https://www.dropbox.com/s/hnlqs2fdila6qsa/9924.svg?raw=1
8429, https://www.dropbox.com/s/i197ddnkpsw6pao/8429.svg?raw=1
8114, https://www.dropbox.com/s/7fr73px8ojtzrjn/8114.svg?raw=1
6278, https://www.dropbox.com/s/hx5qge38k69q5ti/6278.svg?raw=1
6582, https://www.dropbox.com/s/53megti8zp20jc6/6582.svg?raw=1
9802, https://www.dropbox.com/s/x9c3yigp8n4xcfn/9802.svg?raw=1
9925, https://www.dropbox.com/s/xgclv6ol4fw34dr/9925.svg?raw=1
8454, https://www.dropbox.com/s/oizwln2spfcacvc/8454.svg?raw=1
8163, https://www.dropbox.com/s/f3i4ootuuskmow8/8163.svg?raw=1
6285, https://www.dropbox.com/s/qqysturqvv6olwc/6285.svg?raw=1
9904, https://www.dropbox.com/s/iyis0nt3cvnwrxi/9904.svg?raw=1
6605, https://www.dropbox.com/s/egpurfqw71ezbe5/6605.svg?raw=1
9926, https://www.dropbox.com/s/0lta33dehz5qaap/9926.svg?raw=1
8464, https://www.dropbox.com/s/eetb39dmg4p8y80/8464.svg?raw=1
8210, https://www.dropbox.com/s/rx378spu0kw2624/8210.svg?raw=1
9905, https://www.dropbox.com/s/qk2zdl9ydwovbaf/9905.svg?raw=1
8021, https://www.dropbox.com/s/j0nu8zrwvpug6rx/8021.svg?raw=1
8466, https://www.dropbox.com/s/idye2o6df5jqq61/8466.svg?raw=1
9930, https://www.dropbox.com/s/jy22l44shbk1dcf/9930.svg?raw=1
8213, https://www.dropbox.com/s/x7mb8e3ej4ij2pf/8213.svg?raw=1
9910, https://www.dropbox.com/s/4jqjo5ghs29ehwj/9910.svg?raw=1
9934, https://www.dropbox.com/s/0x7pxf4ohz17rps/9934.svg?raw=1
